KO	Map
K00001	map00625,map00626,map00980,map00982
K00002	map00930
K00022	map00930
K00055	map00622,map00623
K00074	map00362
K00078	map00980
K00079	map00980
K00081	map00980
K00084	map00980
K00088	map00983
K00106	map00983
K00114	map00625
K00121	map00625,map00626,map00980,map00982
K00128	map00625
K00129	map00980,map00982
K00141	map00622,map00623,map00627
K00146	map00643
K00148	map00625
K00152	map00626
K00157	map00982
K00169	map00633
K00170	map00633
K00171	map00633
K00172	map00633
K00189	map00633
K00196	map00633
K00198	map00633
K00207	map00983
K00212	map00980
K00217	map00361,map00362,map00364,map00623
K00252	map00362
K00274	map00982
K00446	map00361,map00362,map00622,map00643
K00448	map00362,map00624
K00449	map00362,map00624
K00451	map00643
K00462	map00361,map00621
K00480	map00621,map00624,map00626
K00481	map00362
K00485	map00982
K00496	map00930
K00529	map00362
K00531	map00625
K00569	map00983
K00622	map00633,map00983
K00626	map00362
K00632	map00362,map00642
K00699	map00980,map00982,map00983
K00757	map00983
K00758	map00983
K00760	map00983
K00799	map00980,map00982,map00983
K00857	map00983
K00876	map00983
K00940	map00983
K01026	map00643
K01031	map00362
K01032	map00362
K01034	map00627
K01035	map00627
K01039	map00643
K01040	map00643
K01044	map00983
K01053	map00930
K01055	map00362
K01061	map00361,map00364,map00623
K01075	map00362
K01101	map00627
K01195	map00983
K01253	map00980
K01426	map00627,map00643
K01427	map00791
K01428	map00791
K01429	map00791
K01430	map00791
K01431	map00983
K01453	map00930
K01457	map00791
K01464	map00983
K01471	map00930
K01489	map00983
K01501	map00627,map00643
K01502	map00643
K01512	map00627
K01519	map00983
K01520	map00983
K01555	map00643
K01560	map00361,map00625
K01561	map00361,map00625
K01563	map00361,map00625
K01576	map00627
K01607	map00362
K01612	map00627
K01615	map00362
K01617	map00362,map00621,map00622
K01666	map00362,map00621,map00622
K01670	map00626
K01692	map00362,map00627,map00930
K01721	map00364,map00627,map00643
K01781	map00627
K01782	map00362,map00930
K01800	map00643
K01821	map00362,map00621,map00622
K01822	map00984
K01825	map00362,map00930
K01856	map00361,map00362,map00364,map00623
K01857	map00362
K01860	map00361,map00364,map00623
K01865	map00627
K01941	map00791
K01951	map00983
K02554	map00362,map00621,map00622
K02586	map00625
K02588	map00625
K02591	map00625
K03186	map00627
K03268	map00361,map00362,map00623,map00625
K03333	map00984
K03379	map00930
K03380	map00623,map00627
K03381	map00361,map00362,map00364,map00623
K03382	map00791
K03383	map00791
K03391	map00361,map00364
K03464	map00362
K03782	map00983
K03862	map00627
K03863	map00627
K03927	map00983
K04072	map00625,map00626
K04073	map00362,map00621,map00622
K04097	map00980,map00982
K04098	map00361,map00362
K04099	map00627
K04100	map00362,map00624,map00627
K04101	map00362,map00624,map00627
K04102	map00624
K04105	map00362,map00627
K04107	map00362,map00627
K04108	map00362,map00627
K04109	map00362,map00627
K04110	map00362,map00627
K04112	map00362
K04113	map00362
K04114	map00362
K04115	map00362
K04116	map00362
K04117	map00362
K04118	map00362
K04755	map00362
K05296	map00984
K05394	map00791
K05549	map00362,map00364,map00622
K05550	map00362,map00364,map00622
K05599	map00627
K05600	map00627
K05783	map00362,map00364,map00622
K05784	map00362,map00364,map00622
K05797	map00623
K05898	map00984
K05913	map00363
K06035	map00791
K06281	map00633
K06282	map00633
K06446	map00930
K06912	map00361
K07104	map00361,map00362,map00622,map00643
K07408	map00980
K07409	map00980,map00982
K07410	map00980
K07415	map00980,map00982,map00983
K07416	map00980
K07420	map00980
K07511	map00627,map00930
K07514	map00627,map00930
K07515	map00627,map00930
K07516	map00362
K07534	map00362
K07535	map00362
K07536	map00362
K07537	map00362
K07538	map00362
K07539	map00362
K07540	map00623
K07543	map00623
K07544	map00623
K07545	map00623
K07546	map00623
K07547	map00623
K07548	map00623
K07549	map00623
K07550	map00623
K07823	map00362
K07824	map00362,map00627
K08295	map00627
K08686	map00364
K08689	map00621
K08690	map00621
K08710	map00791
K08726	map00625
K09461	map00627
K10215	map00627
K10216	map00362,map00622,map00643
K10217	map00362,map00622
K10218	map00362
K10219	map00362,map00627
K10220	map00362
K10221	map00362,map00627
K10222	map00621
K10437	map00643
K10438	map00643
K10566	map00643
K10616	map00622
K10617	map00622
K10618	map00622
K10619	map00622
K10620	map00622
K10621	map00362,map00622
K10622	map00362,map00622
K10623	map00622
K10676	map00361
K10678	map00633
K10679	map00633
K10680	map00633
K10700	map00642
K10701	map00642
K10702	map00622
K10789	map00983
K10807	map00983
K10808	map00983
K11180	map00633
K11181	map00633
K11311	map00627
K11822	map00980
K11943	map00624
K11944	map00624
K11945	map00624
K11946	map00624
K11947	map00624
K11948	map00624
K11949	map00624
K13299	map00980,map00982
K13421	map00983
K13767	map00362
K13800	map00983
K13951	map00980,map00982
K13952	map00980,map00982
K13953	map00625,map00626,map00980,map00982
K13954	map00625,map00626
K13980	map00980,map00982
K14028	map00625
K14029	map00625
K14048	map00791
K14333	map00362,map00627
K14334	map00362
K14338	map00627
K14417	map00364
K14418	map00364
K14419	map00625
K14420	map00625
K14421	map00625
K14422	map00625
K14481	map00643
K14482	map00643
K14519	map00930
K14520	map00363
K14541	map00791
K14578	map00624,map00626,map00627,map00633,map00642
K14579	map00624,map00626,map00627,map00633,map00642
K14580	map00624,map00626,map00627,map00633,map00642
K14581	map00624,map00626,map00627,map00633,map00642
K14582	map00624,map00626
K14583	map00626
K14584	map00626
K14585	map00626
K14586	map00626
K14599	map00621,map00624
K14600	map00621,map00624
K14601	map00624
K14602	map00624
K14603	map00624
K14604	map00624
K14727	map00362
K14731	map00930
K14746	map00642
K14747	map00642
K14748	map00642
K14749	map00642
K14750	map00642
K14751	map00642
K15054	map00627
K15055	map00627
K15056	map00627
K15057	map00627
K15058	map00627
K15059	map00627
K15060	map00627
K15061	map00627
K15062	map00627
K15063	map00627
K15064	map00627
K15065	map00627
K15066	map00627
K15236	map00361
K15237	map00361
K15238	map00361
K15239	map00361
K15240	map00361
K15241	map00361
K15242	map00361
K15243	map00361
K15244	map00361
K15245	map00361
K15246	map00361
K15253	map00361
K15303	map00980
K15511	map00362
K15512	map00362
K15513	map00362
K15514	map00362
K15567	map00626
K15568	map00626
K15569	map00626
K15570	map00626
K15571	map00626
K15572	map00626
K15573	map00626
K15574	map00626
K15575	map00626
K15680	map00980
K15749	map00621
K15750	map00621
K15751	map00621
K15752	map00621
K15753	map00621
K15754	map00621
K15755	map00621
K15756	map00621
K15757	map00622,map00623
K15758	map00622,map00623
K15760	map00623
K15761	map00623
K15762	map00623
K15763	map00623
K15764	map00623
K15765	map00623
K15766	map00362,map00623
K15767	map00362,map00623
K15768	map00623
K15769	map00623
K15981	map00984
K15982	map00984
K15983	map00984
K16045	map00984
K16046	map00984
K16047	map00984
K16048	map00984
K16049	map00984
K16050	map00984
K16051	map00984
K16171	map00643
K16173	map00362
K16239	map00627
K16242	map00361,map00362,map00623
K16243	map00361,map00362,map00623
K16244	map00361,map00362,map00623
K16245	map00361,map00362,map00623
K16246	map00361,map00362,map00623
K16249	map00361,map00362,map00623
K16268	map00361,map00362,map00623,map00625
K16269	map00361,map00362,map00623,map00624,map00643
K16270	map00622
K16303	map00622
K16304	map00622
K16319	map00627
K16320	map00627
K16514	map00362
K16515	map00362
K16873	map00365
K16874	map00365
K16875	map00365
K16876	map00365
K16877	map00365
K16878	map00365
K16879	map00365
K16880	map00365
K17048	map00642
K17049	map00642
K17067	map00625
K17068	map00625
K17070	map00625
K17683	map00980,map00982,map00983
K17685	map00980
K17689	map00980,map00982,map00983
K17690	map00980,map00982
K17709	map00980,map00982
K17712	map00980,map00982
K17718	map00982
K17719	map00980,map00982
K17721	map00982
K17754	map00930
K18067	map00624
K18068	map00624
K18069	map00624
K18074	map00624
K18075	map00624
K18076	map00624
K18077	map00624
K18087	map00621
K18088	map00621
K18089	map00361,map00362,map00623,map00625
K18090	map00361,map00362,map00623,map00625
K18092	map00642
K18199	map00930
K18227	map00622
K18242	map00626
K18243	map00626
K18248	map00627
K18249	map00627
K18251	map00624
K18252	map00624
K18253	map00624
K18254	map00624
K18255	map00624
K18256	map00624
K18257	map00624
K18275	map00624
K18293	map00622
K18312	map00643
K18364	map00362,map00621,map00622
K18365	map00362,map00621,map00622
K18366	map00362,map00621,map00622
K18541	map00627
K18687	map00984
K19065	map00362,map00624
K19066	map00362
K19067	map00362
K19515	map00362
K19516	map00362
K19629	map00623
K19630	map00623
K19709	map00627
K19837	map00791
K19958	map00626
K19960	map00930
K19961	map00930
K19962	map00930
K19963	map00930
K20199	map00623
K20200	map00623
K20218	map00623
K20458	map00362,map00627
K20509	map00362
K20625	map00625
K20626	map00643
K20627	map00643
K20712	map00627
K20806	map00364
K20807	map00364,map00627,map00643
K20808	map00364
K20809	map00364
K20941	map00362
K20942	map00362
K20943	map00362
K20944	map00362
K20990	map00627
K21104	map00624
K21105	map00624
K21593	map00791
K21607	map00361
K21647	map00625
K21648	map00625
K21683	map00633
K21725	map00627
K21726	map00627
K21727	map00627
K21759	map00627
K21802	map00627
K22270	map00362
K22353	map00625
K22354	map00625
K22355	map00625
K22356	map00625
K22357	map00625
K22358	map00625
K22359	map00625
K22360	map00625
K22361	map00625
K22362	map00625
K22363	map00625
K22553	map00362
K22676	map00621
K22677	map00621
K22678	map00621
K22715	map00621
K22716	map00621
K22717	map00621
K22958	map00627
K22959	map00627
K22960	map00627
K23351	map00362
K23352	map00362
K23359	map00791
K23526	map00627
K23527	map00627
K23528	map00627
K23529	map00361,map00627
K23548	map00633
K23549	map00633
K23790	map00980,map00982,map00983
K24244	map00627
K24245	map00627
K24293	map00361
K25916	map00627
K25932	map00627
K25933	map00627
K25934	map00627
K25935	map00627
K25936	map00627
K25937	map00627
K25938	map00627
K27196	map00633
K27499	map00362
K27500	map00362
K27540	map00362
K27672	map00362
K27673	map00362
K27674	map00362
K27848	map00362
